year,province,deaths,people_affected_millions,houses_destroyed,houses_damaged,economic_loss_usd_B,flood_type,data_source
2010,KPK,1600,5.0,380000,200000,2.9,Flash Flood + Riverine,OCHA/NDMA/World Bank PDNA – province-level breakdown
2010,Punjab,185,9.0,330000,280000,3.8,Riverine,OCHA/NDMA/World Bank PDNA – province-level breakdown
2010,Sindh,120,4.5,180000,140000,2.4,Riverine,OCHA/NDMA/World Bank PDNA – province-level breakdown
2010,Balochistan,80,1.5,60000,40000,1.0,Flash Flood,OCHA/NDMA/World Bank PDNA – province-level breakdown
2011,Sindh,361,5.3,600000,240000,2.5,Riverine Mega-Flood,OCHA/NDMA/World Bank PDNA – province-level breakdown
2011,Balochistan,159,4.3,200000,160000,1.2,Riverine + Flash,OCHA/NDMA/World Bank PDNA – province-level breakdown
2022,Sindh,746,14.6,683000,1100000,13.5,Mega Monsoon + Riverine,OCHA/NDMA/World Bank PDNA – province-level breakdown
2022,Balochistan,336,6.0,126000,200000,5.4,Flash Flood + Riverine,OCHA/NDMA/World Bank PDNA – province-level breakdown
2022,KPK,309,7.0,75000,80000,6.0,Flash Flood,OCHA/NDMA/World Bank PDNA – province-level breakdown
2022,Punjab,313,4.4,13000,11000,4.8,Riverine,OCHA/NDMA/World Bank PDNA – province-level breakdown
2022,Gilgit-Baltistan,35,1.0,0,467,0.3,GLOF,OCHA/NDMA/World Bank PDNA – province-level breakdown
2025,Punjab,304,4.7,60000,150000,1.8,Riverine (Indus/Sutlej/Ravi/Chenab),OCHA/NDMA/World Bank PDNA – province-level breakdown
2025,KPK,504,1.6,30000,60000,1.2,Flash Flood + GLOF,OCHA/NDMA/World Bank PDNA – province-level breakdown
2025,Sindh,95,0.185,8000,15000,0.3,Riverine,OCHA/NDMA/World Bank PDNA – province-level breakdown
2025,Gilgit-Baltistan,41,0.36,481,779,0.2,GLOF + Flash Flood,OCHA/NDMA/World Bank PDNA – province-level breakdown
