year,deaths,injuries,people_affected_millions,displaced_millions,houses_destroyed,houses_damaged,livestock_lost,roads_damaged_km,bridges_damaged,economic_loss_usd_B,flooded_area_km2,districts_calamity_hit,rainfall_anomaly_pct,flood_severity,primary_cause,primary_provinces_hit,children_deaths,women_deaths,schools_damaged,health_facilities_damaged,cropland_affected_acres,data_source,data_quality,deaths_per_million_affected,houses_total_affected,children_pct_deaths,is_mega_flood,post_2022_recovery_period,cumulative_deaths_2010_onwards
2010,1985,2946,20.0,7.0,950000,660000,1200000,8000,300,10.1,160000,78,250,5,Riverine + Monsoon,KP; Punjab; Sindh; Balochistan,450,380,10000,400,10000000,NDMA 2025 Publication; World Bank PDNA 2010; WHO; PMC,Verified – Official PDNA,99.2,1610000,22.7,1,0,1985
2011,516,1180,9.6,0.74,800000,400000,500000,3000,120,3.73,27581,38,180,4,Monsoon + Riverine,Sindh; Balochistan; Punjab,110,90,5000,180,1700000,GFDRR/World Bank DNA 2011; NDMA 2025 Publication,Verified – Official DNA,53.8,1200000,21.3,0,0,2501
2012,571,900,4.7,0.5,250000,350000,300000,2000,80,2.64,4746,20,140,3,Monsoon + Flash Floods,KP; Punjab; Sindh,120,100,2500,120,2000000,NDMA 2025 Publication; Wikipedia; FFC Annual Report,Verified – NDMA Official Table,121.5,600000,21.0,0,0,3072
2013,333,600,2.5,0.3,80000,120000,150000,1200,45,2.0,4483,15,120,3,Monsoon,Balochistan; KP; Sindh,70,55,1500,70,1200000,NDMA 2025 Publication; FFC Annual Report,Verified – NDMA Official Table,133.2,200000,21.0,0,0,3405
2014,367,650,3.0,0.35,100000,150000,180000,1400,55,0.44,9779,17,130,3,Monsoon + Riverine (Chenab/Jhelum),Punjab; KP; AJK,75,62,1800,90,1500000,NDMA 2025 Publication; FFC Annual Report,Verified – NDMA Official Table,122.3,250000,20.4,0,0,3772
2015,238,400,1.5,0.2,40000,80000,100000,800,30,0.17,2877,12,110,2,Flash Floods + Monsoon,KP; Punjab; AJK,50,40,900,50,700000,NDMA 2025 Publication,Verified – NDMA Official Table,158.7,120000,21.0,0,0,4010
2016,153,280,0.8,0.1,20000,40000,60000,400,15,0.006,1200,8,95,2,Flash Floods + Urban Flooding,Punjab; KP,32,28,500,30,400000,NDMA 2025 Publication; Frontiers Journal,Verified – NDMA Official Table,191.2,60000,20.9,0,0,4163
2017,172,310,1.0,0.12,25000,50000,70000,500,20,0.25,1500,10,100,2,Monsoon + Flash Floods,KP; Punjab; Balochistan,36,30,600,35,500000,NDMA 2025 Publication; FFC Annual Report,Verified – NDMA Official Table,172.0,75000,20.9,0,0,4335
2018,88,160,0.5,0.06,12000,25000,35000,250,10,0.15,800,5,85,1,Flash Floods,KP; Balochistan,18,15,300,20,250000,NDMA 2025 Publication,Verified – NDMA Official Table,176.0,37000,20.5,0,0,4423
2019,235,420,1.2,0.15,30000,60000,80000,600,25,0.35,2000,11,115,2,Monsoon + Flash Floods,Punjab; Balochistan; KP,50,42,700,40,600000,NDMA 2025 Publication; ReliefWeb,Verified – NDMA Official Table,195.8,90000,21.3,0,0,4658
2020,409,720,2.8,0.35,70000,130000,120000,900,38,0.6,5000,18,160,3,Monsoon + Urban Flooding (Karachi 231mm/day),Sindh (Karachi); Balochistan; KP; Punjab,86,72,1200,65,1000000,NDMA 2025 Publication; Wikipedia; Frontiers Journal,Verified – NDMA Official Table,146.1,200000,21.0,0,0,5067
2021,198,360,1.0,0.13,28000,55000,65000,550,22,0.3,2200,10,105,2,Monsoon + Flash Floods,KP; Punjab; Balochistan,42,35,650,38,550000,NDMA 2025 Publication,Verified – NDMA Official Table,198.0,83000,21.2,0,0,5265
2022,1739,12867,33.0,7.9,897014,1391467,1164270,13115,439,30.0,85000,94,340,5,Monsoon Mega-Flood + Glacial Melt + Heatwave,Sindh; Balochistan; KP; Punjab,579,244,22000,1460,9400000,NDMA 2025 Publication; PDNA 2022 (World Bank/UNDP/EU); OCHA; Wikipedia,Verified – Official PDNA + OCHA Situation Reports,52.7,2288481,33.3,1,0,7004
2023,400,620,3.5,0.39,50000,100000,90000,1500,60,1.2,27000,25,135,3,Monsoon + Sutlej Riverine + Flash Floods,Punjab; Sindh; KP; Balochistan,84,70,3000,150,2000000,OCHA Situation Reports; WFP Pakistan Aug 2023; NDMA SITREP,Verified – NDMA/OCHA Situation Reports,114.3,150000,21.0,0,1,7404
2024,337,604,2.0,0.25,20000,24000,60000,700,39,0.8,8000,13,120,3,Monsoon + Flash Floods + GLOF,Balochistan; Sindh; Punjab; GB,155,65,1200,80,900000,ReliefWeb NDMA Situation Reports Sep 2024; ECHO Flash Updates,Verified – NDMA Official Situation Reports,168.5,44000,46.0,0,1,7741
2025,1023,1062,6.9,3.0,100000,229700,22800,2811,790,3.5,18000,40,200,4,Monsoon + Indian Dam Releases + GLOF,Punjab; KP; Sindh; GB,275,151,4000,120,5400000,OCHA 2025 Support Plan Oct 2025; NDMA SITREP #87; Shelter Cluster; WHO,Verified – NDMA/OCHA/WHO Reports,148.3,329700,26.9,0,0,8764
